<?xml version='1.0' encoding='UTF-8'?>
<!DOCTYPE hibernate-configuration PUBLIC
"-//Hibernate/Hibernate Configuration DTD 3.0//EN"
"E:\Ajay_Sir_Tack\hibernate-configuration-3.0.dtd">
 
<hibernate-configuration>
<session-factory>
        <property name="connection.driver_class">com.mysql.jdbc.Driver</property>
		<property name="connection.url">jdbc:mysql://localhost/x</property>
		<property name="connection.username">root</property>
		<property name="connection.password">1111</property>
		
		 <property name="dialect">org.hibernate.dialect.MySQLDialect</property>
		
		<property name="show_sql">true</property>
		
   		<property name="hbm2ddl.auto">update</property>
   		
<mapping resource="Topcatagery.hbm.xml"/>   		
<mapping resource="Catagerya.hbm.xml"/>
<mapping resource="Multipleitems.hbm.xml"/>
<mapping resource="Brands.hbm.xml"/>
<mapping resource="Product.hbm.xml"/>
<mapping resource="Price.hbm.xml"/>

<mapping resource="Paymentoptions.hbm.xml"/>
<mapping resource="User.hbm.xml"/>
<mapping resource="BuyNow.hbm.xml"/>
<mapping resource="Delieveryoder.hbm.xml"/>
</session-factory>
</hibernate-configuration>