<?xml version="1.0" encoding="UTF-8"?>
<!DOCTYPE hibernate-mapping PUBLIC 
"-//Hibernate/Hibernate Mapping DTD//EN"
"E:\Ajay_Sir_Tack\hibernate-mapping-3.0.dtd">
<hibernate-mapping>
 
<class name="Com.Multipleitems">
<id name="multipleitems_id"/>


<property name="multipleitems_name"/>
<property name="forevenid1" column="forevenid1" insert="false"/>

<set name="s2" cascade="all" >
 
<key column="multipleitemsid" />
<one-to-many class="Com.Brands" /> 
</set>
 </class>
</hibernate-mapping>